EmployeeNumber,JobLevel,MonthlyIncome,MonthlyRate,DailyRate,HourlyRate,PercentSalaryHike,StockOptionLevel,PerformanceRating
1,2,5993,19479,1102,94,11,0,3
2,2,5130,24907,279,61,23,1,4
4,1,2090,2396,1373,92,15,0,3
5,1,2909,23159,1392,56,11,0,3
7,1,3468,16632,591,40,12,1,3
8,1,3068,11864,1005,79,13,0,3
10,1,2670,9964,1324,81,20,3,4
11,1,2693,13335,1358,67,22,1,4
12,3,9526,8787,216,44,21,0,4
13,2,5237,16577,1299,94,13,2,3
14,1,2426,16479,809,84,13,1,3
15,2,4193,12682,153,49,12,0,3
16,1,2911,15170,670,31,17,1,3
18,1,2661,8758,1346,93,11,1,3
19,1,2028,12947,103,50,14,0,3
20,3,9980,10195,1389,51,11,1,3
21,1,3298,15053,334,80,12,2,3
22,1,2935,7324,1123,96,13,2,3
23,4,15427,22021,1219,78,16,0,3
24,1,3944,4306,371,45,11,0,3
26,2,4011,8232,673,96,18,1,3
27,1,3407,6986,1218,82,23,0,4
28,3,11994,21293,419,53,11,0,3
30,1,1232,19281,391,96,14,0,3
31,1,2960,17102,699,83,11,0,3
32,5,19094,10735,1282,58,11,1,3
33,1,3919,4681,1125,72,22,0,4
35,2,6825,21173,691,48,11,1,3
36,3,10248,2094,477,42,14,1,3
38,5,18947,22822,705,83,12,0,3
39,1,2496,6670,924,78,11,0,3
40,2,6465,19121,1459,41,13,0,3
41,1,2206,16117,125,83,13,0,3
42,2,2086,3335,895,56,14,1,3
45,1,2293,3020,813,61,16,1,3
46,1,2645,21923,1273,72,12,2,3
47,1,2683,3810,869,86,14,0,3
49,1,2014,9687,890,97,13,0,3
51,1,3419,13072,852,82,14,1,3
52,2,5376,3193,1141,42,19,2,3
53,1,1951,10910,464,75,12,1,3
54,1,2341,19715,1240,33,13,1,3
55,1,2293,10558,1357,48,12,0,3
56,3,8726,2975,994,37,15,0,3
57,2,4011,10781,721,58,23,0,4
58,5,19545,16280,1360,49,12,0,3
60,2,4568,10034,1065,72,20,0,4
61,1,3022,10227,408,73,21,0,4
62,2,5772,20445,1211,98,21,0,4
63,1,2269,4892,1229,36,19,0,3
64,3,5381,19294,626,98,13,0,3
65,1,3441,11179,1434,50,13,0,3
68,2,5454,4009,1488,75,21,1,4
70,3,9884,8302,1097,79,13,1,3
72,2,4157,21436,1443,47,19,1,3
73,3,13458,15146,515,98,12,0,3
74,3,9069,11031,853,71,22,1,4
75,1,4014,16002,1142,30,15,1,3
76,2,5915,9528,655,48,22,1,4
77,2,5993,2689,1115,51,18,1,3
78,2,6162,10877,427,33,22,1,4
79,2,2406,5456,653,50,11,0,3
80,5,18740,16701,989,43,12,1,3
81,3,7637,2354,1435,99,11,0,3
83,3,10096,8202,1223,59,13,3,3
84,4,14756,19730,836,33,14,3,3
85,2,6499,22656,1195,95,13,0,3
86,3,9724,18787,1339,59,17,1,3
88,1,2194,5868,664,79,13,1,3
90,1,3388,21777,318,79,17,1,3
91,2,5473,24668,1225,57,11,0,3
94,1,2703,4956,1328,76,23,1,4
95,1,2501,18775,1082,87,17,0,3
96,2,6220,7346,548,66,17,2,3
97,1,3038,22002,132,55,12,0,3
98,2,4424,20682,746,61,23,0,4
100,2,4312,23016,776,32,14,0,3
101,3,13245,15067,193,52,14,0,3
102,3,13664,25258,397,30,13,0,3
103,2,5021,10425,945,80,22,1,4
104,2,5126,15998,852,55,12,2,3
105,1,2859,26278,1214,30,18,0,3
106,3,10239,18092,111,70,14,1,3
107,2,5329,15717,573,79,12,3,3
110,2,4325,17736,1153,94,15,0,3
112,3,7260,21698,1400,49,11,0,3
113,1,2322,9518,541,62,13,1,3
116,1,2075,18725,432,96,23,2,4
117,2,4152,15830,288,99,19,3,3
118,3,9619,13596,669,64,16,0,3
119,4,13503,14115,530,78,22,1,4
120,2,5441,8423,632,71,22,0,4
121,2,5209,19760,1334,63,12,3,3
124,3,10673,3142,638,40,13,1,3
125,2,5010,24301,1093,87,16,0,3
126,3,13549,24001,1217,60,12,1,3
128,2,4999,17519,1353,33,21,1,4
129,2,4221,8863,120,43,15,0,3
131,4,13872,24409,682,37,13,0,3
132,2,2042,25043,489,67,12,1,3
133,1,2073,23648,807,63,22,0,4
134,1,2956,15178,827,71,13,0,3
137,1,2926,19783,871,66,18,0,3
138,2,4809,12482,665,41,14,0,3
139,2,5163,15850,1040,100,14,1,3
140,5,18844,21922,1420,32,21,1,4
141,5,18172,9755,1115,73,19,0,3
142,2,5744,26959,240,46,11,0,3
143,1,2889,26897,1280,64,11,2,3
144,1,2871,23785,534,59,15,0,3
145,3,7484,25796,1456,30,20,0,4
147,2,6074,22887,658,66,24,0,4
148,4,17328,13871,142,30,12,0,3
150,1,2774,13257,1127,52,12,1,3
151,2,4505,15000,1031,45,15,1,3
152,3,7428,14506,1189,87,12,0,3
153,3,11631,5615,1354,45,12,0,3
154,3,9738,22952,1467,92,14,1,3
155,1,2835,2561,922,39,22,1,4
158,4,16959,19494,394,92,12,2,3
159,1,2613,22310,1312,96,25,3,4
160,2,6146,15480,750,95,13,1,3
161,1,4963,4510,441,72,18,3,3
162,5,19537,6462,684,51,13,0,3
163,2,6172,20739,249,76,18,0,3
164,1,2368,23300,841,46,19,0,3
165,3,10312,3465,147,94,12,1,3
167,1,1675,26820,528,50,19,0,3
169,1,2523,19299,594,100,14,1,3
170,2,6567,5549,470,96,14,0,3
171,1,4739,16090,957,72,12,0,3
174,3,9208,6645,809,77,11,0,3
175,2,4559,24788,542,71,11,1,3
176,3,8189,21196,802,96,13,1,3
177,1,2942,8916,1355,61,23,1,4
178,2,4941,2819,216,84,20,2,4
179,3,10650,25150,1150,53,15,0,3
182,2,5902,14590,1329,47,14,1,3
183,2,8639,24835,959,41,18,0,3
184,2,6347,13982,1240,48,19,0,3
190,1,4200,10224,1033,41,22,0,4
192,1,3452,9752,1316,83,13,0,3
193,2,4317,2302,364,32,20,0,4
194,1,2632,23910,438,75,14,0,3
195,2,4668,22812,689,35,17,3,3
197,1,3204,10415,201,84,14,1,3
198,1,2720,11162,1427,35,13,0,3
199,4,17181,12888,857,91,13,1,3
200,1,2238,6961,933,94,21,1,4
201,1,1483,16102,1181,79,14,0,3
202,2,5605,8504,1395,54,11,1,3
204,3,7295,11439,662,94,13,2,3
205,2,2306,16047,1436,34,20,1,4
206,2,2348,10901,194,60,18,1,3
207,3,8998,15589,967,43,14,0,3
208,2,4319,26283,1496,41,13,1,3
211,2,6132,13983,1169,34,17,0,3
214,1,3346,11873,1145,75,20,1,4
215,3,10855,8552,630,67,11,1,3
216,1,2231,11314,303,75,18,1,3
217,1,2323,11992,1256,80,24,2,4
218,1,2024,5970,691,57,18,1,3
221,1,2713,6672,440,42,11,1,3
223,3,9439,23402,334,83,16,1,3
224,1,2566,25326,1450,79,15,1,3
226,5,19926,17053,1452,53,15,0,3
227,1,2451,4609,465,56,12,1,3
228,3,9419,8053,1339,41,12,1,3
230,2,8686,12930,702,59,22,0,4
231,1,3038,12430,120,43,20,0,4
233,1,3058,13364,1157,51,16,1,3
235,1,2325,20989,602,100,21,0,4
238,1,2088,15062,1480,30,12,0,3
239,2,3072,11012,111,66,11,2,3
240,2,5006,6319,1268,30,11,1,3
241,1,4257,13939,713,67,18,1,3
242,1,2500,10515,134,90,14,0,3
243,1,1102,9241,303,47,22,0,4
244,3,10453,2137,526,92,25,3,4
245,1,2288,6319,1380,75,12,0,3
246,1,3929,6984,140,95,23,1,4
247,1,2311,5711,629,95,15,0,3
248,1,3140,21728,1356,70,22,0,4
249,1,3690,3425,328,86,15,1,3
250,2,4450,26250,1084,57,11,2,3
252,1,2756,4673,931,72,13,1,3
253,5,19033,6499,989,46,14,1,3
254,5,18722,13339,692,61,11,0,3
256,2,9547,14074,1069,45,17,0,3
258,4,13734,7192,313,98,18,0,3
259,5,19999,5678,699,65,14,1,3
260,1,2279,11781,894,99,16,0,3
261,2,5916,15497,556,50,13,0,3
262,1,2089,5228,1344,37,14,3,3
264,4,16792,20462,1195,65,23,1,4
267,1,3564,22977,290,65,12,1,3
269,2,4425,15986,138,37,11,0,3
270,2,5265,16439,926,36,16,1,3
271,2,6553,7259,1261,88,14,0,3
273,2,6261,4185,1084,54,18,1,3
274,2,4298,9679,472,60,19,1,3
275,2,6804,23793,1002,92,15,2,3
277,1,3815,5972,878,43,17,1,3
281,2,2741,16523,905,99,15,1,3
282,2,6673,11354,1180,70,19,0,3
283,3,7639,24525,121,35,22,3,4
284,1,2328,12392,1136,60,16,1,3
286,1,2153,7703,635,73,13,0,3
287,2,4876,14242,1151,63,14,1,3
288,3,9396,12368,644,97,16,1,3
291,3,10400,25812,1045,32,11,0,3
292,3,8474,20925,829,88,22,0,4
293,2,9981,12916,1242,90,14,0,3
296,3,12490,15736,1469,81,16,2,3
297,1,2657,8556,1005,88,11,0,3
298,3,13591,14674,896,75,18,0,3
299,2,6696,22967,334,52,15,0,3
300,1,2058,19757,992,85,14,0,3
302,3,8865,16840,1052,57,12,0,3
303,2,5940,17011,1147,52,14,1,3
304,2,5914,9945,1396,62,16,0,3
305,1,2622,13248,147,47,21,0,4
306,3,12185,10056,663,47,14,3,3
307,3,10609,9647,119,76,12,2,3
308,2,4345,4381,979,90,12,1,3
309,1,2177,8456,142,70,17,1,3
311,1,2793,2539,319,41,17,1,3
312,3,7918,6599,1413,42,14,1,3
314,3,8789,9096,944,92,14,0,3
315,1,2389,14961,896,86,13,0,3
316,1,3212,3300,1323,89,15,0,3
319,5,19232,4933,532,58,11,0,3
321,1,2267,25657,818,52,17,0,3
323,5,19517,24118,854,68,11,1,3
325,1,2436,22149,813,58,13,1,3
327,4,16064,7744,1034,80,22,1,4
328,1,2707,21509,465,39,20,0,4
329,5,19068,21030,771,79,18,0,3
330,1,3931,20990,1401,56,11,1,3
331,1,3730,9571,515,62,14,0,3
332,1,2232,15417,1431,96,14,3,3
333,2,4465,12069,976,100,18,0,3
334,2,3072,19877,1411,36,16,2,3
335,2,3319,24447,1300,62,17,2,3
336,5,19202,15970,252,70,11,1,3
337,3,13675,13523,1327,73,12,1,3
338,1,2911,14776,832,63,13,1,3
339,2,5957,23687,470,84,13,1,3
340,1,3920,18697,1017,83,14,1,3
341,2,6434,5118,1199,77,17,1,3
342,3,10048,22573,504,61,11,2,3
343,3,10938,6420,505,64,25,0,4
346,1,2340,22673,665,60,19,0,3
347,2,6545,23016,916,82,13,0,3
349,2,6931,10732,1247,45,14,1,3
350,2,4898,7505,685,62,12,2,3
351,1,2593,8007,269,56,11,1,3
352,5,19436,5949,1416,49,19,1,3
353,1,2723,23231,833,96,11,0,3
355,1,3479,11652,307,71,11,0,3
359,1,2794,26062,1311,100,20,0,4
361,2,5249,19682,1327,39,18,1,3
362,2,2176,19737,128,84,13,0,3
363,4,16872,14977,488,75,12,1,3
364,1,3485,14935,529,79,11,0,3
366,2,6644,3687,1210,78,19,2,3
367,2,5582,14408,1463,64,21,1,4
369,2,4000,18384,675,85,12,2,3
372,4,13496,7501,1385,79,14,0,3
373,1,3210,20251,1403,47,11,1,3
374,5,19045,18938,452,81,14,0,3
376,3,11849,10268,666,88,12,1,3
377,1,2070,2613,1158,94,23,1,4
378,2,6502,22825,228,98,14,1,3
379,1,3230,10531,996,100,17,0,3
380,3,13603,11677,728,80,18,2,3
381,3,11996,19100,1315,71,18,1,3
382,2,5605,19191,322,44,24,1,4
384,2,6397,26767,1479,84,20,1,4
385,5,19144,15815,797,96,14,2,3
386,4,17584,21016,1070,45,16,3,3
387,2,4907,24532,635,99,25,0,4
388,2,4554,20260,442,44,18,0,3
389,2,5415,15972,147,37,19,1,3
390,2,4741,22722,496,60,13,1,3
391,1,2115,15881,1372,42,12,0,3
392,1,3161,19920,920,43,22,1,4
393,2,5745,18899,688,82,14,1,3
394,1,2373,14180,1449,45,13,1,3
395,1,3310,4488,1117,66,21,0,4
396,5,18665,25594,636,35,11,0,3
397,2,4485,26285,506,30,12,0,3
399,1,2789,3909,444,84,11,1,3
401,2,5828,8450,950,48,12,0,3
403,1,2326,11411,889,53,12,3,3
404,4,13525,14864,555,77,14,1,3
405,1,1420,25233,230,54,13,0,3
406,3,8020,5100,1232,96,15,2,3
407,1,3688,7122,566,81,18,2,3
408,2,5482,16321,1302,84,18,1,3
410,4,16015,15896,334,88,19,0,3
411,1,1200,9724,812,69,12,0,3
412,2,5661,4824,1476,68,19,0,3
416,2,6929,12241,218,100,11,1,3
417,3,9613,10942,1132,48,17,3,3
419,2,5674,6927,1105,47,15,1,3
420,2,5484,16985,906,91,14,1,3
421,3,12061,26707,849,81,17,1,3
422,2,5660,17056,390,32,13,1,3
423,1,4821,10077,691,86,12,1,3
424,2,6410,17822,106,62,12,0,3
425,3,5210,20308,1249,97,18,1,3
426,1,2695,7747,192,32,18,1,3
428,3,11878,23364,553,74,11,2,3
429,4,17068,5355,117,99,14,0,3
430,1,2455,10675,185,33,19,0,3
431,4,13964,17810,1091,90,12,0,3
433,2,4941,17747,723,85,15,0,3
434,1,2478,20938,1220,85,12,0,3
436,2,5228,24624,588,65,11,0,3
437,2,4478,5242,1377,74,11,0,3
438,2,7547,7143,691,73,12,3,3
439,2,5055,10557,1018,74,16,0,3
440,1,3464,24737,1157,84,13,0,3
441,2,5775,11934,1275,64,13,2,3
442,3,8943,14034,798,48,24,1,4
444,5,19272,21141,672,54,15,1,3
445,2,5238,17778,1162,41,18,0,3
446,2,4682,4317,508,46,14,0,3
447,5,18300,16375,1482,42,11,1,3
448,2,5257,6227,559,82,11,1,3
449,2,6349,22107,210,73,13,1,3
450,2,4869,16885,928,31,12,0,3
451,3,9985,9262,1001,43,16,1,3
452,2,3697,9278,549,75,14,2,3
453,2,7457,13273,1124,57,22,3,4
454,1,2119,4759,318,77,11,0,3
455,1,3983,7621,738,30,17,0,3
456,2,6118,5431,570,30,13,3,3
458,2,6214,3415,1130,56,18,1,3
460,2,6347,23177,1192,61,16,2,3
461,3,11510,15682,343,92,14,1,3
462,3,7143,25713,1232,39,14,0,3
463,2,8268,11866,144,39,14,2,3
464,3,8095,18264,1296,62,13,0,3
465,1,2904,16092,1309,83,12,2,3
466,2,6032,10110,483,95,15,0,3
467,2,2976,25751,1309,99,19,0,3
468,4,15992,15901,810,44,14,0,3
469,2,4649,16928,746,61,14,1,3
470,1,2696,24017,544,52,11,1,3
471,1,2370,3956,1062,75,13,1,3
473,3,12504,23978,530,91,21,1,4
474,2,5974,17001,1319,51,13,2,3
475,2,4736,6069,641,85,12,1,3
476,2,5296,20156,933,57,17,1,3
477,2,6781,17078,1332,98,23,0,4
478,1,2174,9150,756,99,11,0,3
479,2,6653,15276,845,45,15,0,3
481,3,9699,7246,541,48,11,1,3
482,2,6755,2967,593,88,11,0,3
483,1,2213,22495,1171,46,13,1,3
484,1,2610,2851,895,39,24,0,4
485,1,2851,9150,350,34,13,0,3
486,1,3452,17663,921,98,20,1,4
487,2,5258,16044,1144,30,14,0,3
488,2,9355,9558,143,56,18,0,3
491,3,10496,2755,1046,100,15,0,3
492,2,6380,6110,575,68,12,2,3
493,1,2657,7551,408,42,16,0,3
494,1,2716,25422,156,90,15,0,3
495,1,2201,18168,1283,54,16,0,3
496,2,6540,19394,755,97,19,0,3
497,1,3816,17881,1469,82,11,1,3
498,2,5253,20750,304,92,16,0,3
499,3,10965,12066,1261,31,24,0,4
500,2,4936,14862,1178,87,11,1,3
501,1,2543,11868,329,96,13,1,3
502,2,5304,4652,1362,67,13,0,3
505,4,16659,23258,1311,97,13,0,3
507,2,4260,5915,1371,77,12,1,3
508,1,2476,17434,202,72,18,1,3
510,1,3102,6582,575,73,22,0,4
511,1,2244,24440,253,43,13,1,3
513,3,7596,3809,164,61,13,2,3
514,1,2285,3427,464,40,23,0,4
515,1,3034,26914,1107,95,12,1,3
516,2,5715,22553,759,46,12,2,3
517,1,2576,20490,201,95,16,1,3
518,2,4197,21123,1305,49,12,0,3
520,4,14336,4345,982,59,11,1,3
521,2,3448,13436,555,78,22,1,4
522,5,19406,8509,821,86,11,1,3
523,2,6538,12740,1381,72,15,1,3
524,2,4306,4156,480,31,12,1,3
525,1,2258,15238,313,61,20,1,4
526,2,4522,2227,1473,74,14,0,3
527,2,4487,12090,891,99,11,0,3
529,2,4449,23866,1063,72,15,2,3
530,1,2218,16193,329,98,12,1,3
531,5,19197,8213,1218,52,14,1,3
532,4,13212,18256,906,86,11,3,3
533,2,6577,19558,1082,83,11,0,3
534,3,8392,19566,645,49,16,1,3
536,2,4558,13535,1300,79,12,1,3
538,1,4031,9396,688,91,13,1,3
543,3,7969,19609,319,39,14,0,3
544,1,2654,9655,192,69,21,2,4
546,4,16555,10310,1490,30,13,0,3
547,2,4556,12932,532,92,11,1,3
548,2,6091,24793,317,43,20,0,4
549,5,19566,3854,422,41,11,0,3
550,2,4810,26314,1485,87,14,1,3
551,2,4523,4386,1368,88,11,3,3
554,1,3202,21972,1448,62,16,0,3
555,1,2351,12253,296,33,16,1,3
556,1,1702,12106,1490,42,23,1,4
558,5,18041,13022,1398,79,14,0,3
560,1,2886,3032,1349,90,22,2,4
562,1,2097,16734,1400,53,15,1,3
564,3,11935,21526,986,93,18,0,3
565,1,2546,18300,408,71,16,0,3
566,1,2564,18437,489,52,12,0,3
567,3,8412,2890,1398,69,11,0,3
568,4,14118,22102,210,56,12,1,3
569,4,17046,9314,1099,88,15,1,3
571,1,2564,7181,1116,49,14,0,3
573,3,10266,2845,1499,80,19,0,3
574,2,5070,7389,983,65,13,3,3
575,4,17861,2288,1009,51,13,0,3
577,1,4230,19225,144,46,15,0,3
578,2,3780,23428,548,42,11,0,3
579,1,2768,8416,1303,62,12,1,3
580,3,9071,11563,1125,94,19,1,3
581,3,10648,14394,1274,33,25,1,4
582,3,13610,24619,1277,56,12,0,3
584,1,3408,6705,587,38,13,3,3
585,1,2983,18398,413,57,14,0,3
586,3,7632,14295,1276,72,12,0,3
587,3,9824,22908,534,66,12,0,3
590,3,9950,11533,988,43,15,3,3
591,1,2093,9260,1474,97,17,1,3
592,3,9980,15318,635,32,14,0,3
593,1,3894,9129,1368,99,16,0,3
595,2,4051,19658,163,37,14,1,3
597,4,16835,9873,1117,83,23,0,4
599,2,6230,13430,267,56,14,0,3
600,2,4717,18659,619,85,11,0,3
601,4,13237,20364,302,75,15,0,3
602,1,3755,17872,443,48,11,1,3
604,2,6582,8346,828,77,13,0,3
605,3,7406,6950,319,56,21,1,4
606,2,4805,16177,561,61,19,1,3
608,1,2741,22808,426,58,11,1,3
611,2,4262,22645,232,34,12,2,3
612,4,16184,22578,922,95,19,1,3
613,3,11557,25291,688,44,21,1,4
614,1,1878,8059,1306,69,14,0,3
615,3,10932,11373,1094,58,15,1,3
616,2,6811,2112,509,62,17,0,3
618,2,4306,4267,775,45,12,2,3
620,2,4859,6698,195,80,16,0,3
621,2,5337,19921,258,74,12,0,3
622,1,2340,23213,471,66,18,0,3
623,3,7491,23848,799,59,17,0,3
624,3,10527,8984,1034,86,11,0,3
625,4,16595,5626,1276,91,16,1,3
626,3,8834,24666,142,69,13,1,3
630,2,5577,22087,956,78,12,2,3
631,2,4707,23914,1474,60,12,0,3
632,1,2400,5530,535,38,13,2,3
634,2,9824,22174,1495,76,19,1,3
635,2,6447,15701,446,65,12,1,3
638,5,19502,2125,1245,58,17,1,3
639,1,2725,21630,691,89,11,2,3
641,2,6272,7428,703,66,20,2,4
643,1,2127,9100,823,94,21,1,4
644,5,18200,7999,1246,99,11,1,3
645,1,2096,26376,622,40,11,0,3
647,1,2886,14168,1287,55,16,1,3
648,1,2033,14470,448,74,18,1,3
649,1,3622,22794,254,83,13,1,3
650,2,4233,11512,1365,46,17,0,3
652,2,3681,14004,538,54,14,0,3
653,2,5460,6219,525,66,22,2,4
655,1,2187,5013,798,66,12,2,3
656,2,9602,3010,558,75,11,1,3
657,1,2836,11757,959,83,13,0,3
659,2,4089,5718,622,81,13,2,3
661,4,16627,2671,782,50,14,1,3
662,1,2619,14561,362,43,17,0,3
663,2,5679,19627,1001,72,13,1,3
664,4,15402,17997,1236,40,11,1,3
665,2,5985,26894,1112,50,11,0,3
666,1,2579,2912,204,31,18,2,3
667,1,3041,16346,1420,85,11,1,3
669,1,3447,24444,1343,49,11,0,3
671,5,19513,9358,1315,35,12,1,3
675,1,2773,12145,604,69,20,0,4
677,2,7104,20431,1216,39,12,0,3
679,2,6322,18089,646,92,12,1,3
680,1,2083,22653,160,71,20,1,4
682,2,8381,7507,238,34,20,0,4
683,1,2691,7660,1397,42,12,1,3
684,2,4286,5630,306,100,14,2,3
686,1,2659,17759,991,71,13,1,3
689,3,9434,9606,482,36,15,1,3
690,2,5561,3487,1176,62,14,1,3
691,2,6646,19368,1017,82,13,0,3
692,2,7725,5335,1296,30,23,1,4
698,3,10725,6729,397,88,15,1,3
699,2,8847,13934,913,48,11,1,3
700,1,2045,15174,1115,54,13,0,3
701,1,1009,26999,1362,32,11,0,3
702,1,3348,3164,1076,70,11,0,3
704,1,1281,16900,727,41,18,2,3
705,1,2819,8544,885,58,16,1,3
707,2,4851,15678,810,57,22,1,4
709,2,4028,7791,243,46,20,0,4
710,1,2720,18959,806,76,18,1,3
712,2,8120,18597,817,56,12,0,3
714,2,4647,16673,1410,71,20,2,4
715,1,4680,15232,1225,80,17,0,3
716,1,3221,3297,1207,74,11,3,3
717,3,8621,17654,1442,46,14,0,3
720,2,4577,24785,693,65,14,0,3
721,2,4553,20978,408,80,11,0,3
722,2,5396,21703,929,55,12,0,3
723,2,6796,23452,562,50,14,1,3
724,2,7625,19383,827,33,13,0,3
725,3,7412,6009,608,68,11,0,3
727,3,11159,19373,1018,39,15,0,3
728,2,4960,11825,703,42,12,0,3
729,3,10475,23772,580,48,21,1,4
730,4,14814,13514,970,59,19,0,3
731,5,19141,8861,427,73,15,3,3
732,2,5405,11924,1179,84,14,0,3
733,3,8793,4809,294,32,21,2,4
734,5,19189,19562,314,59,12,1,3
738,1,3875,9983,316,54,15,1,3
741,1,2216,3872,654,67,13,0,3
742,3,11713,20335,427,63,14,1,3
743,3,7861,15397,168,81,14,0,3
744,1,3708,2104,381,49,14,0,3
746,4,13770,10225,217,49,12,2,3
747,2,5304,25275,501,99,23,1,4
749,1,2642,2755,1396,99,11,0,3
752,1,2759,20366,933,57,12,0,3
754,2,6804,23683,775,47,18,1,3
757,2,6142,7360,970,96,11,0,3
758,1,2500,4344,650,37,14,1,3
760,2,6389,18767,141,44,15,1,3
762,4,11103,20420,832,81,11,0,3
763,1,2342,22929,804,86,20,0,4
764,2,6811,23398,975,55,19,0,3
766,1,2297,17967,1090,83,14,2,3
769,2,2450,10919,346,86,17,0,3
771,2,5093,4761,1225,61,11,1,3
772,2,5309,21146,430,80,15,2,3
773,1,3057,20471,268,92,13,1,3
775,2,5121,4187,167,32,14,1,3
776,4,16856,10084,621,31,11,0,3
780,1,2686,5207,527,63,13,0,3
781,2,6180,22807,883,32,23,0,4
783,2,6632,12388,954,46,13,0,3
784,1,3505,19630,310,79,18,0,3
785,2,6397,10339,719,77,12,0,3
786,2,6274,18686,304,60,22,0,4
787,5,19859,21199,725,78,13,1,3
789,3,7587,14229,1434,76,15,0,3
791,1,4258,26589,715,41,18,1,3
792,1,4364,5288,575,71,14,1,3
793,2,4335,25549,657,66,12,1,3
796,2,5326,3064,1146,38,17,0,3
797,1,3280,13551,182,72,16,0,3
799,2,5485,22670,376,95,11,2,3
800,2,4342,24008,829,84,19,1,3
802,1,2782,19905,571,82,13,2,3
803,2,5980,26085,240,75,12,0,3
804,1,4381,7530,121,86,11,0,3
805,1,2572,20317,384,72,16,1,3
806,1,3833,24375,921,38,21,2,4
807,2,4244,9931,791,38,24,1,4
808,2,6500,13305,1111,93,17,1,3
809,5,18430,16225,570,66,13,1,3
811,1,1601,3445,1243,63,21,2,4
812,1,2694,26551,1092,60,11,3,3
813,2,3149,21821,1325,82,20,1,4
815,4,17639,6881,691,64,16,0,3
816,1,2319,6689,805,36,11,1,3
817,3,11691,25995,213,49,11,0,3
819,2,5324,26507,118,69,15,0,3
820,4,16752,12982,202,33,11,1,3
823,2,5228,23361,676,35,15,1,3
824,1,2700,23779,1252,81,24,1,4
825,5,19246,25761,286,31,12,0,3
826,1,2506,13301,1258,40,13,0,3
827,2,6062,4051,932,43,13,1,3
828,1,4382,16374,890,46,17,0,3
829,1,2143,25527,1041,36,13,1,3
830,2,6162,19124,859,98,12,1,3
832,2,5094,11983,720,51,14,0,3
833,2,6877,20234,946,52,24,0,4
834,1,2274,6153,252,95,14,0,3
836,2,4434,11806,933,98,13,1,3
837,2,6288,4284,471,45,15,1,3
838,1,2553,8306,702,100,16,0,3
840,3,7654,5860,1184,43,18,2,3
842,2,5160,21519,436,37,16,0,3
843,4,17159,5200,589,94,24,1,4
844,3,12808,8842,269,42,16,1,3
845,3,10221,18869,950,59,21,0,4
846,2,4779,3698,760,81,20,0,4
847,1,3737,2243,829,88,19,1,3
848,1,2366,20898,887,88,14,1,3
850,1,1706,16571,443,50,11,3,3
851,4,16307,5594,1318,66,14,1,3
852,2,5933,5197,625,50,12,0,3
854,1,3424,21632,180,65,13,0,3
855,2,4037,21816,586,48,22,1,4
856,1,2559,17852,1343,53,11,0,3
857,2,6201,2823,928,56,14,1,3
859,2,4403,9250,117,73,11,1,3
861,1,3761,2373,1012,75,12,1,3
862,3,10934,20715,661,78,18,1,3
864,3,10761,19239,930,74,12,1,3
865,2,5175,22162,638,91,12,1,3
867,4,13826,19028,890,81,22,0,4
868,2,6334,24558,342,66,19,2,3
869,1,4936,23965,1169,63,13,1,3
872,2,4775,19146,1230,33,22,2,4
874,1,2818,5044,986,62,24,1,4
875,1,2515,9068,1271,35,14,0,3
878,1,2342,8635,1278,77,21,0,4
879,2,4194,14363,141,98,18,0,3
880,3,10685,23457,607,66,20,1,4
881,1,2022,16612,130,96,19,1,3
882,1,2314,9148,300,61,12,1,3
885,2,4256,18154,583,87,12,0,3
887,1,3580,10554,1418,36,16,1,3
888,1,3162,10778,1269,46,17,0,3
889,2,6524,8891,379,48,14,1,3
893,1,2899,12102,395,98,19,1,3
894,2,5231,23726,1265,95,13,1,3
895,1,2356,14871,1222,48,19,1,3
896,1,2800,23522,341,48,19,3,3
897,4,11836,22789,868,73,14,1,3
899,3,10903,9129,672,78,16,0,3
900,1,2973,21222,1231,54,15,1,3
901,4,14275,20206,102,72,18,0,3
902,2,5562,21782,422,33,13,1,3
903,2,4537,17783,249,35,22,1,4
904,3,7642,4814,1252,32,13,0,3
905,4,17924,4544,881,98,11,1,3
909,2,5204,7790,1383,42,11,2,3
910,1,2277,22650,1075,57,11,1,3
911,1,2795,18016,374,87,24,0,4
912,1,2532,6054,1086,62,14,3,3
913,1,2559,7508,661,61,13,0,3
916,2,4908,24252,821,98,14,0,3
918,1,2380,13384,781,57,14,1,3
920,2,4765,23814,177,55,21,1,4
922,1,2044,22052,500,49,13,0,3
923,1,2693,8870,1427,65,19,0,3
924,2,6586,4821,1425,68,17,1,3
925,1,3294,13137,1454,65,18,0,3
926,2,4171,10022,617,34,19,1,3
927,1,2778,17725,1085,57,13,1,3
930,1,2377,9834,995,77,18,1,3
932,1,2404,4303,1122,70,21,0,4
933,1,2318,17808,618,76,19,0,3
934,1,2008,6896,546,83,14,2,3
936,2,6244,7824,462,68,17,0,3
939,1,2799,3339,1198,100,11,0,3
940,3,10552,9255,1272,37,13,1,3
941,1,2329,11737,154,41,15,0,3
942,2,4014,19170,1137,51,25,1,4
944,3,7403,22477,527,51,11,1,3
945,1,2259,5543,1469,51,17,2,3
947,2,6932,24406,1188,45,13,1,3
949,1,4678,23293,188,65,18,0,3
950,3,13582,16292,1333,80,13,1,3
951,1,2332,3974,1184,70,20,0,4
952,1,2413,18798,867,36,18,3,3
954,3,9705,20652,658,67,12,1,3
956,2,4294,11148,1283,52,12,0,3
957,1,4721,3119,263,59,13,0,3
958,1,2519,12287,938,79,21,0,4
959,1,2121,9947,419,37,13,0,3
960,1,2973,13008,129,84,19,0,3
961,2,5855,17369,616,41,11,2,3
964,1,3617,25063,1469,35,14,1,3
966,2,6725,13554,498,93,12,1,3
967,3,10325,5518,530,51,11,1,3
969,2,6949,12291,1069,42,14,0,3
970,3,10609,14922,625,46,11,0,3
972,2,4447,23163,805,57,12,0,3
974,1,2157,18203,1404,84,15,1,3
975,2,4601,6179,1219,86,16,0,3
976,4,17099,13829,1053,70,15,1,3
977,1,2479,26227,289,51,24,0,4
981,4,14852,13938,1376,45,13,1,3
982,3,7264,9977,231,62,11,1,3
983,2,5666,19899,152,85,13,0,3
984,3,7823,6812,882,92,13,1,3
985,3,7880,2560,903,41,18,0,3
986,4,13194,17071,1479,100,16,0,3
987,2,5067,6759,1379,64,19,0,3
990,2,5079,25952,1229,84,13,2,3
991,1,2321,10322,335,46,22,0,4
992,4,17444,20489,722,38,11,0,3
994,1,2404,11479,906,92,20,0,4
995,1,3452,17241,461,53,18,0,3
996,1,2270,11005,974,91,14,2,3
997,4,17399,6615,1126,66,22,1,4
998,2,5488,20161,827,84,13,1,3
999,5,19419,3735,840,64,17,1,3
1001,1,2811,12086,1134,37,14,1,3
1002,2,3633,14039,248,42,15,1,3
1003,2,4163,8571,955,83,17,0,3
1004,1,2132,11539,138,48,11,0,3
1005,4,13973,4161,939,95,18,1,3
1006,1,2684,12127,1391,66,17,1,3
1007,3,10845,24208,566,75,13,1,3
1009,2,4377,24117,1206,41,15,2,3
1010,1,3743,10074,622,39,24,1,4
1011,2,4148,11275,853,96,12,1,3
1012,1,1051,13493,287,73,15,0,3
1013,3,10739,13943,1441,56,11,1,3
1014,3,10388,6975,583,57,11,1,3
1015,3,11416,17802,153,73,12,3,3
1016,1,2600,18275,1097,98,15,0,3
1017,1,2422,25725,109,60,17,0,3
1018,2,5472,3334,1066,32,12,0,3
1019,1,2451,6881,217,94,15,1,3
1022,2,4240,13119,277,97,13,0,3
1024,3,10999,22245,1355,78,14,0,3
1025,2,5003,23371,549,42,14,0,3
1026,4,12742,7060,466,65,16,1,3
1027,2,4227,4658,1055,47,18,1,3
1028,1,3917,9541,802,45,20,1,4
1029,5,18303,7770,265,90,13,0,3
1030,1,2380,20165,804,64,18,0,3
1032,4,13726,21829,715,69,13,0,3
1033,2,4777,14382,1141,61,15,0,3
1034,2,6385,12992,135,62,14,2,3
1035,5,19973,20284,247,55,22,2,4
1036,2,6861,4981,1035,42,12,0,3
1037,2,4969,21813,265,79,18,0,3
1038,5,19845,25846,266,57,15,1,3
1039,4,13320,11737,1448,53,18,1,3
1040,2,6347,24920,145,95,12,1,3
1042,1,2743,8269,885,43,16,0,3
1043,3,10880,5083,945,82,13,0,3
1044,1,2342,21437,1038,88,19,0,3
1045,4,17650,5404,1234,90,13,1,3
1046,1,4025,11135,1109,69,12,0,3
1047,2,9725,12278,216,75,11,1,3
1048,3,11904,11038,1089,66,14,1,3
1049,1,2177,8318,788,36,16,0,3
1050,3,7525,23537,124,38,12,1,3
1052,2,4834,7858,660,81,14,1,3
1053,1,2042,15346,342,57,14,1,3
1055,1,2220,18410,1333,87,19,1,3
1056,1,1052,23384,1144,74,22,0,4
1060,1,2821,2997,1186,44,16,1,3
1061,5,19237,12853,1464,62,11,1,3
1062,2,4107,13848,124,35,15,0,3
1066,2,8396,22217,300,74,14,1,3
1068,1,2007,25265,921,66,13,2,3
1069,5,19627,21445,430,40,17,2,3
1070,3,10686,8392,1082,41,11,1,3
1071,1,2942,12154,1240,63,19,1,3
1073,3,8858,15669,796,51,11,0,3
1074,4,16756,17323,444,40,15,0,3
1076,3,10798,5268,415,79,13,1,3
1077,1,2323,17205,769,54,14,0,3
1079,1,1416,17258,1334,36,13,0,3
1080,2,4615,21029,1003,74,23,3,4
1081,1,2461,10332,1323,34,12,3,3
1082,3,8722,12355,1366,72,12,0,3
1083,1,3955,11141,192,59,16,2,3
1084,2,9957,9096,1176,85,15,1,3
1085,1,3376,18863,509,43,13,0,3
1088,3,8823,24608,330,65,18,1,3
1092,3,10322,26542,1492,61,20,1,4
1094,1,4621,5869,1277,87,19,3,3
1096,3,10976,15813,1091,65,18,1,3
1097,2,3660,7909,857,59,13,0,3
1098,3,10482,2326,1376,91,14,1,3
1099,3,7119,21214,654,34,15,1,3
1100,3,9582,10333,1204,86,22,0,4
1101,2,4508,3129,827,54,22,0,4
1102,1,2207,22482,895,50,16,1,3
1103,2,7756,22266,618,45,17,0,3
1105,2,6694,24223,309,88,14,3,3
1106,1,3691,4605,1219,32,15,1,3
1107,1,2377,19373,1330,37,20,1,4
1108,1,2313,2993,1017,55,20,0,4
1109,4,17665,14399,469,35,17,1,3
1111,1,2596,7160,1009,45,15,2,3
1113,2,4728,17251,959,81,14,0,3
1114,2,4302,13401,970,30,17,1,3
1115,1,2979,22478,697,40,17,3,3
1116,4,16885,16154,1262,35,22,0,4
1117,2,5593,17970,1050,65,13,1,3
1118,3,10445,15322,994,87,19,0,3
1119,3,8740,5569,770,73,14,2,3
1120,1,2514,26968,1107,93,22,1,4
1121,3,7655,8039,950,93,17,3,3
1124,4,17465,15596,406,52,12,1,3
1125,3,7351,20619,130,32,16,0,3
1126,3,10820,11535,1082,83,11,1,3
1127,4,12169,13547,203,84,11,3,3
1128,5,19626,17544,1308,44,14,0,3
1131,1,2070,25326,984,70,11,0,3
1132,2,6782,8770,439,70,15,0,3
1133,2,7779,23238,217,78,20,0,4
1135,1,2791,21981,793,67,12,1,3
1136,1,3201,19911,1451,67,17,0,3
1137,2,4968,18500,1182,54,11,1,3
1138,4,13120,11879,174,56,17,1,3
1140,2,4033,15834,1003,95,11,0,3
1143,1,3291,17940,490,61,14,2,3
1148,2,4272,9558,188,56,19,0,3
1150,2,5056,17689,718,79,15,1,3
1152,1,2844,6004,433,37,13,1,3
1154,1,2703,22088,773,39,14,1,3
1156,1,1904,13556,247,80,12,0,3
1157,2,8224,18385,603,77,17,0,3
1158,1,4766,9051,167,46,11,1,3
1160,1,2610,6233,874,72,12,1,3
1161,2,5731,17171,367,52,13,2,3
1162,1,2539,7950,199,55,13,1,3
1163,2,5714,5829,1400,70,20,0,4
1164,1,4323,7108,528,100,17,0,3
1165,3,7336,11162,408,45,13,1,3
1166,3,13499,13782,593,88,17,0,3
1167,4,13758,2447,481,44,12,0,3
1171,2,5155,2253,647,45,13,0,3
1172,1,2258,16340,982,58,12,1,3
1173,1,3597,6409,477,49,22,0,4
1175,1,2515,22955,1485,79,11,0,3
1177,1,4420,13421,1384,82,22,1,4
1179,2,6578,2706,852,72,18,1,3
1180,2,4422,21203,902,92,13,1,3
1182,3,10274,19588,819,44,18,1,3
1184,2,5343,25755,669,97,20,0,4
1185,1,2376,26537,636,47,13,1,3
1188,2,5346,9489,1372,85,13,0,3
1190,1,2827,14947,862,76,12,3,3
1191,5,19943,18575,718,92,13,1,3
1192,1,3131,26342,1401,54,13,1,3
1193,1,2552,7172,645,54,25,0,4
1195,1,4477,20100,1457,83,19,1,3
1196,2,6474,9961,977,56,13,1,3
1198,1,3033,12828,805,87,12,0,3
1200,1,2936,10826,1097,96,11,0,3
1201,5,18606,18640,1223,50,18,1,3
1202,1,2168,26933,942,69,18,1,3
1203,1,2853,4223,1256,48,11,1,3
1204,4,17048,24097,1402,69,23,0,4
1206,1,2290,4279,111,74,13,0,3
1207,1,3600,8429,147,99,13,1,3
1210,1,2107,20293,906,95,17,1,3
1211,2,4115,13192,1329,61,19,3,3
1212,2,4327,25440,1184,62,12,3,3
1215,4,17856,9490,1421,30,22,1,4
1216,1,3196,12449,1179,78,12,3,3
1217,5,19081,10849,1450,52,11,1,3
1218,2,8966,21026,1361,94,15,3,3
1219,1,2210,3372,984,97,13,1,3
1220,2,4539,4905,1146,82,12,1,3
1221,1,2741,6865,917,60,14,1,3
1224,2,3491,11309,853,49,13,3,3
1225,2,4541,7744,200,32,25,0,4
1226,1,2678,5050,654,43,17,0,3
1228,2,7379,17433,150,60,11,1,3
1231,2,6272,12858,179,79,16,1,3
1233,2,5220,10893,696,52,18,1,3
1234,1,2743,7331,116,77,20,1,4
1235,2,4998,2338,1316,38,14,0,3
1237,3,10252,4235,363,77,21,1,4
1238,1,2781,6311,117,60,13,1,3
1239,2,6852,11591,107,84,12,1,3
1240,2,4950,20623,1356,57,14,0,3
1241,1,3579,9369,1465,63,21,1,4
1242,3,13191,23281,458,60,17,0,3
1243,3,10377,13755,1212,78,11,1,3
1244,1,2235,14377,1103,42,14,2,3
1245,3,10502,9659,966,53,17,1,3
1246,1,2011,19982,1117,72,13,1,3
1248,1,1859,6148,504,96,25,0,4
1249,1,3760,5598,1010,97,15,3,3
1250,4,17779,23474,685,85,14,0,3
1251,2,6833,17089,1332,80,12,0,3
1252,2,6812,17198,1062,96,19,0,3
1254,2,5171,16490,326,48,17,0,3
1255,5,19740,18625,920,96,14,1,3
1256,5,18711,12124,1098,85,13,1,3
1257,1,3692,9256,469,46,12,0,3
1258,1,2559,16620,969,76,11,0,3
1259,1,2517,3208,1167,76,11,3,3
1260,2,6623,4204,1329,82,11,2,3
1263,5,18265,8733,715,76,12,0,3
1264,4,16124,3423,694,87,14,2,3
1265,1,2585,21643,1320,89,17,0,3
1267,5,18213,8751,1099,88,11,1,3
1268,3,8380,21708,536,82,14,2,3
1269,1,2994,21221,265,57,12,0,3
1270,1,1223,16901,373,47,22,1,4
1273,1,1118,8040,599,73,14,0,3
1275,1,2875,9973,583,53,20,0,4
1277,5,18824,2493,1449,94,16,0,3
1278,4,13577,25592,177,37,15,1,3
1279,1,2625,25308,251,45,20,0,4
1280,5,18789,9946,168,33,14,1,3
1281,2,4538,6039,131,86,12,0,3
1282,5,19847,19196,237,83,24,1,4
1283,3,10512,20002,1429,67,12,0,3
1285,2,4444,22534,135,46,13,2,3
1286,1,2154,6842,791,44,11,0,3
1288,5,19190,17477,1199,92,14,2,3
1289,2,4490,21833,648,56,11,2,3
1291,1,3506,6020,735,66,14,0,3
1292,2,2372,5628,603,78,16,0,3
1293,3,10231,20364,531,56,14,0,3
1294,2,5410,2323,429,53,11,0,3
1295,3,7978,14075,621,73,11,1,3
1296,1,3867,14222,193,52,12,1,3
1297,1,2838,4257,968,40,14,0,3
1298,2,4695,12858,879,72,18,0,3
1299,1,3339,17285,806,39,13,2,3
1301,1,2080,4732,640,84,11,0,3
1303,1,2096,18830,266,40,18,0,3
1304,2,6209,11693,604,56,15,2,3
1306,5,18061,13035,364,83,22,0,4
1307,4,17123,17334,412,94,13,2,3
1308,1,2372,26076,848,88,12,2,3
1309,2,4883,22845,1089,79,18,1,3
1310,1,3904,22154,360,93,13,0,3
1311,2,4627,23631,1138,48,12,1,3
1312,3,7094,5747,325,63,12,0,3
1314,1,3423,22957,991,44,12,0,3
1315,2,6674,16392,1476,55,11,3,3
1317,4,16880,22422,1322,43,11,0,3
1318,3,9094,17235,299,57,12,0,3
1319,3,8446,21534,1030,64,19,0,3
1321,3,11916,25927,634,95,23,2,4
1322,2,4534,13352,524,32,11,0,3
1324,3,9852,8935,587,57,19,1,3
1329,2,6151,22074,256,40,13,0,3
1331,1,2302,8319,1060,54,11,0,3
1333,1,2362,14669,935,89,12,0,3
1334,4,17861,26582,495,37,13,0,3
1336,5,19187,6992,282,58,14,1,3
1338,5,19717,4022,206,99,14,0,3
1340,1,3544,8532,458,74,16,1,3
1344,3,8500,5494,943,86,11,1,3
1346,2,4661,22455,523,98,13,0,3
1349,2,4103,4297,1018,66,17,1,3
1350,2,4249,2690,482,87,11,0,3
1352,4,14026,17588,770,84,11,1,3
1355,2,6893,19461,1009,31,15,1,3
1356,2,6125,23553,507,66,12,0,3
1358,1,3669,9075,882,67,11,3,3
1360,3,10008,12023,601,53,14,0,3
1361,1,2387,6762,329,88,22,1,4
1362,2,4639,2261,607,83,16,1,3
1363,3,7898,18706,855,54,11,0,3
1364,1,2534,6527,1291,98,14,1,3
1367,4,13142,24439,1405,82,16,0,3
1368,1,1611,19305,1124,97,15,0,3
1369,2,5363,10846,817,60,12,1,3
1371,2,5071,20392,793,43,20,0,4
1372,4,13695,9277,267,85,17,0,3
1373,4,13402,18235,1369,68,12,1,3
1374,1,2029,15891,999,92,20,3,4
1375,2,6377,13888,1202,89,20,3,4
1377,2,5429,17491,285,86,13,2,3
1379,1,2785,11882,703,90,14,0,3
1380,2,4614,23288,662,67,18,1,3
1382,1,2610,15748,693,57,11,3,3
1383,2,6687,6163,404,98,11,0,3
1387,2,4724,24232,736,48,11,1,3
1389,2,6179,21057,330,98,15,2,3
1390,2,6120,3567,1498,44,12,2,3
1391,3,10596,15395,541,52,11,0,3
1392,2,5467,13953,1200,75,14,2,3
1394,1,2996,5182,1439,54,15,0,3
1395,2,9998,19293,1111,61,13,0,3
1396,2,4078,20497,499,36,13,3,3
1397,3,10920,3449,1485,71,21,1,4
1399,2,6232,12477,1372,93,11,0,3
1401,4,13247,9731,322,59,11,1,3
1402,2,4081,20003,930,73,14,0,3
1403,2,5769,7100,205,98,11,0,3
1405,1,2394,25681,135,51,13,0,3
1407,1,3904,4050,683,36,12,0,3
1408,4,16799,16616,1147,31,14,1,3
1409,1,2950,17363,258,54,13,0,3
1411,1,3629,19106,1462,94,18,0,3
1412,3,9362,19944,200,60,11,0,3
1415,1,3229,4910,949,81,11,1,3
1417,1,3578,23577,652,100,12,0,3
1419,3,7988,9769,332,51,13,0,3
1420,2,4284,22710,1475,97,20,0,4
1421,3,7553,22930,337,84,12,0,3
1422,4,17328,5652,971,54,19,0,3
1423,5,19701,22456,1055,76,21,1,4
1424,4,14732,12414,1136,81,13,2,3
1425,2,9278,20763,1174,99,16,0,3
1427,1,1359,16154,667,50,12,0,3
1428,2,4779,12761,855,73,14,2,3
1430,4,16422,8847,182,93,11,0,3
1431,1,2996,20284,560,91,14,2,3
1433,1,1261,22262,202,34,12,0,3
1434,1,2099,7679,1377,91,14,0,3
1435,2,5810,22604,172,37,16,0,3
1436,2,5647,13494,329,98,13,2,3
1438,1,3420,10205,465,74,12,1,3
1439,1,4400,15182,383,68,12,0,3
1440,1,3500,25470,1413,84,14,0,3
1441,1,2066,10494,1255,90,22,1,4
1443,4,17169,26703,359,82,19,2,3
1445,2,4162,15211,1476,42,12,2,3
1446,2,9204,23343,601,97,12,1,3
1447,1,3294,3708,401,86,17,1,3
1448,1,2127,5561,1283,90,12,0,3
1449,2,3975,23099,663,81,11,2,3
1453,3,10793,8386,326,31,18,1,3
1457,3,10096,15986,377,52,11,1,3
1458,1,3646,17181,592,54,23,0,4
1459,3,7446,8931,1445,100,11,0,3
1460,3,10851,19863,1038,95,18,1,3
1461,1,2109,24609,1398,96,18,0,3
1464,1,3722,21081,523,94,13,1,3
1465,3,9380,14720,1448,55,18,2,3
1466,2,5486,24795,1221,96,11,3,3
1467,1,2742,3072,1107,52,15,0,3
1468,3,13757,25178,218,55,11,1,3
1469,2,8463,23490,866,84,18,0,3
1471,1,3162,7973,981,90,14,0,3
1472,4,16598,19764,447,39,12,0,3
1473,2,6651,21534,1495,96,14,1,3
1474,1,2345,8045,896,68,14,1,3
1475,1,3420,21158,1467,49,13,0,3
1477,2,4373,17456,430,54,14,2,3
1478,2,4759,15891,1326,81,18,0,3
1479,2,5301,2939,1358,96,15,2,3
1480,1,3673,16458,748,74,13,0,3
1481,2,4768,9282,383,79,12,1,3
1482,1,1274,7152,990,64,13,2,3
1483,2,4900,2721,405,93,24,1,4
1484,3,10466,20948,1490,35,14,2,3
1485,4,17007,11929,829,71,14,2,3
1486,1,2909,15747,1496,92,15,1,3
1487,2,5765,17485,115,51,11,0,3
1489,2,4599,7815,790,40,23,0,4
1492,1,2404,16192,660,76,13,1,3
1494,1,3172,16998,381,89,11,0,3
1495,1,2033,7103,830,78,13,1,3
1496,3,10209,19719,1193,86,18,0,3
1497,2,8620,23757,1246,77,14,2,3
1499,1,2064,15428,330,46,21,1,4
1501,2,4035,16143,1229,30,16,0,3
1502,1,3838,8192,1099,82,11,0,3
1503,2,4591,24200,571,78,17,1,3
1504,1,2561,5355,289,38,11,0,3
1506,1,1563,12530,1423,72,14,1,3
1507,2,4898,11827,467,55,14,0,3
1509,2,4789,23070,271,43,25,1,4
1513,1,3180,4668,410,97,13,3,3
1514,2,6549,3173,1083,96,14,2,3
1515,2,6388,22049,516,69,17,0,3
1516,3,11244,21072,495,64,25,0,4
1520,4,16032,24456,1050,87,20,1,4
1522,1,2362,7568,224,100,13,0,3
1523,4,16328,22074,136,32,13,1,3
1525,3,8376,9150,1089,32,18,0,3
1527,4,16606,11380,228,51,12,1,3
1529,3,8606,21195,1029,91,19,0,3
1533,2,2272,24812,507,97,14,0,3
1534,1,2018,21831,676,86,14,0,3
1535,3,7083,12288,971,64,14,0,3
1537,1,4084,4156,561,33,12,0,3
1539,4,14411,24450,333,88,13,0,3
1541,1,2308,4944,1440,55,25,1,4
1542,1,4841,24052,1210,68,14,1,3
1543,2,4285,3031,674,47,17,0,3
1544,2,9715,7288,441,39,13,1,3
1545,2,4320,24152,575,44,13,0,3
1546,1,2132,4585,950,97,20,1,4
1547,3,10124,18611,288,40,14,1,3
1548,2,5473,19345,1342,47,12,0,3
1549,2,5207,22949,589,79,12,1,3
1550,4,16437,17381,898,38,21,0,4
1551,1,2296,10036,350,57,14,3,3
1552,2,4069,8841,1142,72,18,0,3
1553,3,7441,20933,538,66,12,3,3
1554,1,2430,26204,1402,98,23,2,4
1555,2,5878,15624,824,67,12,1,3
1556,1,2644,17001,1157,70,21,0,4
1557,2,6439,13693,492,96,14,1,3
1558,1,2451,22376,598,91,18,2,3
1560,2,6392,10589,1242,46,13,1,3
1562,2,9714,5323,740,64,11,1,3
1563,2,6077,14814,888,71,11,0,3
1564,1,2450,21731,992,68,19,0,3
1568,3,9250,17799,1288,33,12,1,3
1569,1,2074,26619,104,69,12,1,3
1572,3,10169,14618,607,78,16,1,3
1573,2,4855,7653,903,81,11,2,3
1574,2,4087,25174,1200,62,14,1,3
1576,1,2367,16530,1108,65,12,1,3
1577,1,2972,22061,479,35,13,0,3
1578,5,19586,23037,685,60,21,1,4
1580,2,5484,13008,1351,45,17,1,3
1581,1,2061,11133,474,89,21,0,4
1582,2,9924,12355,1245,80,11,1,3
1583,2,4198,16379,437,90,12,0,3
1585,2,6815,21447,884,73,13,0,3
1586,1,4723,16213,1370,87,18,0,3
1587,2,6142,4223,670,51,16,0,3
1588,3,8237,4658,1462,38,11,1,3
1590,2,8853,24483,995,87,19,1,3
1591,5,19331,19519,264,59,16,1,3
1592,1,2073,12826,977,45,16,1,3
1594,2,5562,19711,1302,80,13,1,3
1595,5,19613,26362,1059,93,22,0,4
1596,2,3407,25348,750,46,17,2,3
1597,2,5063,15332,653,92,14,1,3
1598,2,4639,11262,118,84,15,1,3
1599,1,4876,5855,990,87,12,1,3
1601,1,2690,7713,1349,63,18,1,3
1602,4,17567,3156,563,56,15,0,3
1604,1,2408,7324,329,51,17,3,3
1605,1,2814,10293,457,85,14,0,3
1606,4,11245,20689,1234,41,15,1,3
1607,1,3312,18783,634,35,17,2,3
1608,5,19049,3549,1313,31,14,1,3
1609,1,2141,5348,241,48,12,1,3
1611,2,5769,23447,1015,50,14,0,3
1612,2,4385,24162,336,52,15,1,3
1613,2,5332,21602,715,54,13,0,3
1614,2,4663,12421,559,76,12,2,3
1615,2,4724,17000,426,42,13,1,3
1617,1,3211,22102,722,84,14,1,3
1618,2,5377,3835,1387,76,13,3,3
1619,1,4066,16290,1302,67,11,2,3
1621,2,5208,26312,819,48,11,0,3
1622,2,4877,20460,580,39,21,1,4
1623,1,3117,26009,546,97,18,0,3
1624,1,1569,18420,544,70,12,0,3
1625,5,19658,5220,1176,98,11,1,3
1627,2,3069,10302,170,76,15,1,3
1628,3,10435,25800,884,80,13,2,3
1630,2,4148,12250,208,52,12,1,3
1631,2,5768,26493,671,85,17,3,3
1633,2,5042,3140,711,81,13,0,3
1635,2,5770,5388,1329,59,19,2,3
1638,3,7756,14199,397,54,19,1,3
1639,3,10306,21530,737,55,17,0,3
1640,1,3936,9953,1470,71,11,1,3
1641,3,7945,19948,448,84,15,0,3
1642,2,5743,10503,602,37,11,0,3
1644,4,15202,5602,365,89,25,1,4
1645,2,5440,22098,763,59,14,2,3
1646,1,3760,17218,567,32,13,0,3
1647,1,3517,22490,486,86,17,0,3
1648,1,2580,6297,591,87,13,0,3
1649,1,2166,3339,1329,73,14,0,3
1650,2,5869,23413,469,42,11,0,3
1651,3,8008,22792,711,42,12,2,3
1653,2,5206,4973,772,77,17,2,3
1654,2,5295,7693,492,66,21,0,4
1655,4,16413,3498,301,72,16,2,3
1656,3,13269,21981,813,50,15,3,3
1657,1,2783,13251,1141,31,19,0,3
1658,2,5433,19332,1130,66,12,1,3
1659,1,2013,10950,311,77,11,0,3
1661,4,13966,11652,465,41,19,1,3
1662,2,4374,15411,894,33,15,0,3
1664,2,6842,26308,1040,79,20,1,4
1665,4,17426,18685,584,91,25,1,4
1666,4,17603,3525,1291,65,24,1,4
1667,2,4581,10414,880,36,24,0,4
1668,2,4735,9867,1189,90,15,2,3
1669,2,4187,3356,991,43,13,1,3
1670,2,5505,3921,392,93,14,2,3
1671,2,5470,25518,977,45,13,2,3
1673,2,5476,22589,1112,67,11,2,3
1674,1,2587,24941,464,74,16,1,3
1675,1,2440,23826,148,42,22,0,4
1676,4,15972,21086,1225,47,14,3,3
1677,4,15379,22384,809,36,14,0,3
1678,3,7082,11591,1206,80,16,0,3
1680,1,2728,21082,727,54,11,0,3
1681,2,5368,16130,530,36,25,1,4
1682,2,5347,7419,1351,80,14,2,3
1683,1,3195,4167,528,44,18,3,3
1684,1,3989,20586,1320,93,11,0,3
1687,1,3306,26176,1495,87,19,1,3
1689,3,7005,3458,1395,48,15,0,3
1691,1,2655,11740,708,95,11,2,3
1692,1,1393,24852,1259,95,12,0,3
1693,1,2570,11925,786,76,20,0,4
1694,1,3537,23737,1441,94,12,1,3
1696,2,3986,11912,1157,57,14,1,3
1697,3,10883,20467,370,92,20,1,4
1698,1,2028,13637,267,79,18,3,3
1700,2,9525,7677,1278,31,14,2,3
1701,1,2929,20338,678,35,12,0,3
1702,1,2275,25103,427,99,21,1,4
1703,3,7879,14810,921,96,19,1,3
1704,1,4930,13970,146,79,14,0,3
1706,2,7847,6069,1179,73,17,1,3
1707,1,4401,17616,581,62,16,1,3
1708,3,9241,15869,918,35,12,0,3
1709,1,2974,25412,1082,43,17,1,3
1710,2,4502,7439,530,51,15,0,3
1712,3,10748,3395,1238,74,23,1,4
1714,1,1555,11585,240,58,11,1,3
1716,4,12936,24164,1093,82,11,0,3
1718,1,2305,6217,390,62,15,3,3
1719,4,16704,17119,1005,48,11,0,3
1720,1,3433,17360,585,56,13,1,3
1721,1,3477,18103,741,69,14,1,3
1722,2,6430,20794,552,60,19,1,3
1724,2,6516,5041,369,92,16,1,3
1725,1,3907,3622,506,91,13,3,3
1727,2,5562,9697,717,34,14,0,3
1728,2,6883,5151,1370,49,16,1,3
1729,1,2862,3811,793,33,12,1,3
1731,2,4978,3536,543,87,11,1,3
1732,3,10368,5596,1277,74,12,1,3
1733,2,6134,8658,1456,96,13,3,3
1734,2,6735,12147,964,34,15,0,3
1735,1,3295,12862,160,51,13,0,3
1736,2,5238,6670,163,30,20,0,4
1737,2,6472,8989,792,77,15,1,3
1739,3,9610,3840,371,80,13,1,3
1740,5,19833,4349,611,88,14,0,3
1744,3,9756,6595,176,56,21,2,4
1745,1,4968,26427,1312,78,16,0,3
1746,1,2145,2097,897,59,14,1,3
1747,1,2180,9732,600,66,11,1,3
1749,2,8346,20943,1003,51,19,1,3
1751,1,3445,6152,1054,67,11,0,3
1752,1,2760,14630,428,52,13,0,3
1753,2,6294,23060,461,70,12,0,3
1754,3,7140,3088,979,94,11,1,3
1755,1,2932,5586,181,97,14,3,3
1756,2,5147,10697,1283,62,15,0,3
1757,2,4507,8191,1313,80,12,0,3
1758,3,8564,10092,211,74,20,0,4
1760,1,2468,15963,594,75,14,1,3
1761,3,8161,19002,1079,70,13,3,3
1762,1,2109,10007,590,91,13,1,3
1763,2,5294,9128,305,58,16,1,3
1764,1,2718,17674,953,65,14,0,3
1766,2,5811,24539,833,60,16,1,3
1767,1,2437,15587,807,38,16,1,3
1768,1,2766,8952,855,57,22,3,4
1770,5,19038,19805,478,60,12,3,3
1771,2,3055,6194,775,90,15,2,3
1772,1,2289,20520,548,94,20,2,4
1774,2,4001,12313,1375,87,14,1,3
1775,4,12965,22308,661,60,20,3,4
1778,1,3539,5033,244,97,13,0,3
1779,2,6029,25353,511,32,12,0,3
1780,1,2679,4567,337,31,13,0,3
1782,1,3702,16376,1153,40,11,1,3
1783,1,2398,15999,1294,79,17,0,3
1784,2,5468,13402,196,91,14,2,3
1786,3,13116,22984,942,53,11,0,3
1787,2,4189,8800,589,46,14,2,3
1789,5,19328,14218,734,46,17,1,3
1790,3,8321,25949,1383,90,13,1,3
1792,1,2342,11092,429,99,12,3,3
1794,2,4071,12832,1239,89,13,0,3
1797,2,5813,13492,303,84,18,0,3
1798,1,3143,6076,867,90,19,1,3
1799,1,2044,5531,1181,82,11,1,3
1800,3,13464,7914,1253,65,21,0,4
1801,2,7991,25166,849,98,15,0,3
1802,1,3377,25605,616,99,17,1,3
1803,2,5538,5696,1128,95,18,2,3
1804,2,5762,24442,1180,90,14,1,3
1805,1,2592,7129,1336,100,13,3,3
1807,2,5346,6208,234,93,17,1,3
1809,2,4213,4992,370,58,15,0,3
1812,2,4127,19188,766,83,18,1,3
1813,1,2438,24978,343,52,13,0,3
1814,2,6870,15530,447,85,12,0,3
1815,3,10447,26458,796,81,13,1,3
1816,3,9667,2739,1092,64,14,0,3
1818,1,2148,6889,920,69,11,0,3
1821,2,8926,10842,261,66,22,1,4
1822,2,6513,9060,1194,52,17,1,3
1823,2,6799,22128,810,92,21,2,4
1824,4,16291,22577,350,52,22,1,4
1826,1,2705,9696,185,91,16,1,3
1827,3,10333,19271,1001,92,12,1,3
1829,2,4448,10748,750,47,12,1,3
1830,2,6854,15696,431,68,15,1,3
1833,3,9637,8277,1125,68,14,2,3
1834,1,3591,12719,1217,67,25,1,4
1835,2,5405,4244,723,77,20,2,4
1836,2,4684,9125,572,46,13,0,3
1837,4,15787,21624,1216,87,14,0,3
1839,1,1514,8018,1431,33,16,0,3
1842,1,2956,21495,359,89,17,0,3
1844,1,2335,3157,350,56,15,3,3
1845,2,5154,19665,589,67,22,2,4
1847,2,6962,19573,430,73,22,1,4
1849,2,5675,19246,1422,92,20,1,4
1850,1,2379,19826,1297,53,14,0,3
1852,1,3812,7003,574,40,13,0,3
1853,2,4648,26075,1318,79,13,0,3
1854,1,2936,6161,355,38,22,2,4
1856,1,2105,5411,207,64,12,0,3
1857,3,8578,19989,706,82,14,1,3
1858,1,2706,10494,280,43,15,1,3
1859,2,6384,21143,726,93,17,2,3
1860,1,3968,13624,1142,81,13,0,3
1862,2,9907,26186,414,82,12,0,3
1863,4,13225,7739,1319,45,12,1,3
1864,2,3540,7018,728,36,21,1,4
1865,1,2804,15434,352,87,11,0,3
1866,5,19392,22539,823,81,13,0,3
1867,5,19665,13583,1224,91,12,0,3
1868,1,2439,14753,459,73,24,0,4
1869,3,7314,14011,1254,64,21,3,4
1870,1,4774,23844,1131,77,19,1,3
1871,2,3902,5141,835,41,14,3,3
1873,1,2662,7975,836,98,20,1,4
1875,1,2856,3692,1172,78,19,1,3
1876,1,1081,16019,945,89,13,0,3
1878,1,2472,26092,391,75,23,0,4
1880,2,5673,6060,1266,63,13,1,3
1881,2,4197,18624,311,89,11,1,3
1882,3,9713,24444,1480,64,13,3,3
1883,1,2062,19384,592,59,14,0,3
1885,2,4284,13588,783,78,22,1,4
1886,2,4788,25388,219,44,11,0,3
1888,2,5906,23888,556,93,13,2,3
1890,2,3886,4223,1213,94,21,0,4
1892,4,16823,18991,1137,98,11,1,3
1893,1,2933,14908,482,90,13,1,3
1898,2,6500,26997,511,89,14,0,3
1900,4,17174,2437,117,58,11,1,3
1903,2,5033,9364,170,78,15,1,3
1905,1,2307,14460,967,85,23,1,4
1907,1,2587,10261,1162,97,16,0,3
1908,2,5507,16822,335,33,16,2,3
1909,2,4393,26841,337,54,21,1,4
1911,3,13348,14842,1396,83,13,1,3
1912,2,6583,20115,1079,86,11,1,3
1915,2,8103,16495,735,75,12,0,3
1916,1,3978,16031,471,62,12,1,3
1918,1,2544,7102,1096,61,18,1,3
1922,2,5399,14511,1297,44,12,0,3
1924,2,5487,10410,217,43,14,0,3
1927,2,6834,19255,783,42,12,1,3
1928,1,1091,10642,746,45,17,0,3
1929,2,5736,3987,1251,32,19,1,3
1931,1,2226,6073,1354,41,11,1,3
1932,2,5747,26496,735,86,15,0,3
1933,2,9854,23352,1475,84,11,0,3
1934,2,5467,2125,1169,64,18,1,3
1935,2,5380,20328,1443,89,16,1,3
1936,2,5151,12315,867,87,25,1,4
1937,2,2133,18115,1394,58,16,1,3
1938,4,17875,11761,605,72,13,1,3
1939,1,2432,15318,238,47,14,0,3
1940,1,4771,14293,1206,71,19,2,3
1941,5,19161,13738,1064,42,15,0,3
1943,2,5087,2900,419,77,12,2,3
1944,1,2863,19555,1337,58,12,0,3
1945,2,5561,15975,682,71,16,1,3
1947,1,2144,2122,1103,49,14,0,3
1948,1,3065,3995,976,48,13,1,3
1949,1,2810,9238,1351,66,22,0,4
1950,3,9888,6770,937,32,21,0,4
1951,3,8628,22914,1239,39,18,1,3
1952,1,2867,20006,157,95,13,0,3
1954,2,5373,6225,136,89,12,1,3
1955,2,6667,16542,1146,34,18,1,3
1956,2,5003,5771,1125,48,21,0,4
1960,1,2367,18779,1404,32,12,1,3
1961,1,2858,11473,1404,59,14,0,3
1962,2,5204,13586,1224,55,11,0,3
1965,2,4105,5099,954,44,14,0,3
1966,2,9679,10138,1373,56,24,0,4
1967,2,5617,21075,754,63,11,0,3
1968,3,10448,5843,1168,66,13,0,3
1969,2,2897,22474,155,67,11,2,3
1970,2,5968,18079,1303,36,20,3,4
1971,3,7510,16873,574,30,17,1,3
1972,1,2991,5224,1444,88,11,1,3
1973,5,19636,25811,189,71,18,1,3
1974,1,1129,17536,1276,59,11,3,3
1975,4,13341,25098,119,77,12,0,3
1976,2,4332,14811,335,37,12,0,3
1979,3,11031,26862,697,40,20,1,4
1980,2,4440,25198,157,77,19,0,3
1981,2,4617,14120,771,45,12,0,3
1982,1,2647,13672,571,78,13,0,3
1985,2,6323,26849,692,73,11,1,3
1986,2,5677,4258,444,92,14,1,3
1987,1,2187,19655,309,82,14,0,3
1989,1,3748,4077,911,76,13,0,3
1992,1,3977,7298,977,57,19,1,3
1993,3,8633,13084,1180,84,23,0,4
1994,1,2008,20439,1313,59,12,3,3
1995,2,4440,7636,1321,86,15,2,3
1996,1,3067,6393,1154,54,19,1,3
1997,2,5321,14284,508,72,11,1,3
1998,2,5410,11189,557,35,17,1,3
1999,1,2782,21412,642,76,22,1,4
2000,3,11957,17231,1162,98,18,2,3
2003,1,2660,20232,1490,43,11,1,3
2007,1,3375,17624,581,63,12,0,3
2008,2,5098,18698,1395,48,19,0,3
2009,2,4878,21653,501,95,13,1,3
2010,1,2837,15919,267,49,13,0,3
2012,1,2406,4060,543,83,19,2,3
2013,1,2269,18024,234,68,14,1,3
2014,2,4108,5340,116,52,13,0,3
2015,3,13206,3376,201,99,12,1,3
2016,3,10422,24032,801,48,19,2,3
2017,3,13744,15471,161,42,25,1,4
2018,2,4907,13684,1382,85,22,1,4
2019,1,3482,19788,585,40,15,2,3
2020,1,2436,13422,1037,42,12,0,3
2021,1,2380,25479,501,58,11,0,3
2022,5,19431,15302,105,87,13,0,3
2023,1,1790,26956,638,33,19,1,3
2024,3,7644,12695,557,94,19,2,3
2025,2,5131,9192,688,97,13,3,3
2026,2,6306,26236,667,57,21,1,4
2027,1,4787,26124,1092,36,14,3,3
2031,5,18880,17312,300,56,11,0,3
2032,1,2339,3666,310,72,11,1,3
2034,4,13570,5640,582,60,23,1,4
2035,2,6712,8978,704,95,21,2,4
2036,2,5406,10436,301,88,24,1,4
2037,2,8938,12227,930,57,11,1,3
2038,1,2439,11288,529,78,14,0,3
2040,3,8837,16642,1146,31,16,0,3
2041,2,5343,5982,345,100,11,1,3
2044,2,6728,14255,878,94,12,2,3
2045,2,6652,14369,1120,100,13,1,3
2046,2,4850,23333,374,50,15,0,3
2048,1,2809,2725,1322,52,14,0,3
2049,2,5689,24594,1199,80,14,2,3
2051,1,2001,12549,1194,98,14,3,3
2052,1,2977,8952,287,62,12,1,3
2053,2,4025,23679,1378,46,13,1,3
2054,1,3785,8489,468,73,14,0,3
2055,3,10854,16586,410,39,13,1,3
2056,4,12031,8828,722,60,11,1,3
2057,2,9936,3787,325,74,19,0,3
2060,1,2966,21378,1167,30,18,0,3
2061,2,2571,12290,884,41,17,1,3
2062,3,9991,21457,613,42,15,1,3
2064,2,6142,5174,155,87,20,1,4
2065,2,5390,13243,1023,63,14,0,3
2068,2,4404,10228,628,82,12,0,3
